review_id,relationship_id,ale_model,hpe_aruba_model,recommendation,priority,evidence_integrity,environment_evidence,poe_evidence,key_deviation_assessment,procurement_validation_questions,rationale
"01","rel_545f817cb78bcc7b9d045b9e","OS6360-P24","HPE Aruba Networking CX 6100 24G Class4 PoE 4SFP+ 370W Switch","downgrade_to_partial","P2：先验证偏离项","硬门槛完整；环境字段待复核","至少一方待复核","双方已核验","上行接口存在 1G/10G 与 1G/10G SFP 的表述差异，且 PoE 预算存在 180W 与 370W 的差异，对直接替代构成影响。","1. 实际下行设备的 PoE 总功耗是否在原 180W 预算内，还是需要 Aruba 的 370W 供电能力？；2. 上行接口的 1G/10G 与 1G/10G SFP 兼容性及光模块配置如何验证？；3. 环境字段的待复核状态如何通过官方部署文档进行补充核验？","基于受控硬门槛和证据状态的中性审阅，该关系的核心技术指标如表单因子、下行介质、端口数及下行速率均已通过验证，但环境字段仍处于待复核状态。鉴于上行接口及 PoE 功率预算存在明显差异（180W ↔ 370W），这些差异使得该型号组合不宜直接进行一对一无条件替代。为确保项目平稳实施与配置合规，审阅建议将其降级为部分替代，并在采购和部署阶段进行专项核验与管理。"
"02","rel_770e0c625957de6d1b4f1228","OS6360-P24","HPE Aruba Networking CX 6200F 24G Class-4 PoE 4SFP 370W Switch","downgrade_to_partial","P2：先验证偏离项","决定性硬门槛已核验；环境字段待复核","至少一方待复核","双方已核验","上行接口速率与 PoE 预算存在显著差异，上行从 1G/10G 变为 100M/1G，PoE 从 180W 变为 Up to 370W，这些上行与 PoE 差异妨碍了一对一替代。","1. 核实 HPE Aruba CX 6200F 24G 4SFP 的 100M/1G 上行端口是否满足项目对 10G 速率的上行需求；2. 核实两款设备在 PoE 功率预算（180W ↔ Up to 370W）下的实际供电能力是否满足终端部署要求；3. 核实园区网部署环境的实际运行参数与合规性要求。","本记录针对 ALE OS6360-P24 与 HPE Aruba Networking CX 6200F 24G Class-4 PoE 4SFP 370W Switch 的受控关系进行了审阅。虽然形态、下行介质、下行端口数、下行速率及 PoE 支持等硬门槛已核验通过，但环境字段仍处于待复核状态。由于关键偏离显示上行接口（1G/10G ↔ 100M/1G）及 PoE 预算（180W ↔ Up to 370W）存在实质性差异，导致该型号组合在实际部署中不宜进行无条件的一对一替代。因此，基于受控硬门槛及关键偏离分析，建议将该关系调整为部分替代，并通过采购验证问题对上行与 PoE 性能进行核验。"
"03","rel_f8c0cc1ac6c050f8af87c79e","OS6360-P24","HPE Aruba Networking CX 6200F 24G Class-4 PoE 4SFP+ 370W Switch","keep_direct_candidate","P3：可进入人工审核","硬门槛完整；环境字段待复核","至少一方待复核","双方已核验","上行链路（1G/10G与1/10G）与PoE预算（180W与370W）存在关键偏离，属于可管理的配置与供电差异，不阻碍一对一替代。","1. 确认部署环境是否满足园区网应用场景；2. 核实370W PoE预算与上行光模块兼容性是否符合实际供电与组网需求。","基于受控硬门槛和证据状态，该型号组合的形态、下行介质、端口数量、下行速率频段及PoE支持等决定性硬门槛均已核验且适配，仅环境字段处于待复核状态。关键偏离涉及上行链路（1G/10G ↔ 1/10G）及PoE预算（180W ↔ 370W），由于Aruba型号提供了兼容的供电与上行规格，相关差异可通过采购阶段的实际配置与供电核验进行管理，不影响整体一对一替代。因此形成维持直接候选关系的审阅建议。"
"04","rel_2facd4568ee0632a289c5411","OS6360-P24","HPE Aruba Networking CX 6200F 24G Class4 PoE 4SFP+ 370W Switch","keep_direct_candidate","P3：可进入人工审核","硬门槛完整；环境字段待复核","至少一方待复核","双方已核验","上行链路支持1G/10G互通，端口数均为24口，PoE预算存在180W与370W的差异，该差异可作为采购验证项管理，不阻碍一对一替代。","1. 现场实际PoE供电总需求是否在180W以内或需利用370W高预算；2. 上行SFP+光模块及连接线缆是否满足实际组网带宽需求。","基于受控硬门槛与现有证据链，双方型号在固定形态、下行介质、24口下行端口数、下行速率以及PoE支持等决定性硬门槛上均已完成核验且适配。虽然上行链路与PoE预算（180W对370W）存在数值差异，但由于Aruba型号提供更高功率预算且上行满足1G/10G，该差异可作为采购验证项进行管理，不影响设备的一对一替代能力。综合评估决定性硬门槛已核验适配，建议维持直接候选关系。"
"05","rel_57dbf6e76db15d98b3bd1e9f","OS6360-P24","HPE Aruba Networking CX 6200M 24G Class4 PoE 4SFP+ Switch","keep_direct_candidate","P3：可进入人工审核","硬门槛完整；环境字段待复核","至少一方待复核","双方已核验","上行链路均为 1G/10G 规格且相互适配；PoE 预算存在 180W 与 740W 差异，该功率及上行差异可作为采购验证项管理，不阻碍一对一替代。","1. 建议向官方资料核验上行接口兼容性及光/电模块配置；2. 建议核对现场下行受电设备的实际 PoE 功耗需求是否在 180W 至 740W 预算范围内。","基于受控硬门槛和证据状态审阅，该直接候选关系（OS6360-P24 对应 HPE Aruba Networking CX 6200M 24G Class4 PoE 4SFP+ Switch）的决定性硬门槛（形态、下行介质、下行端口数、下行速率带、PoE 支持）均已核验通过并适配，仅环境字段待复核。关键偏离主要表现为上行（1G/10G 相互适配）与 PoE 预算（180W 对 740W），其中 Aruba 侧 PoE 预算更高，能够完全覆盖并满足原设备的供电需求。上述差异均可作为采购验证项进行有效管理，不妨碍设备间的一对一替代。因此，建议维持直接候选关系，并在后续采购与配置阶段对上行接口及实际供电预算进行核验。"
"06","rel_a2e63f194d853afb65bb0062","OS6360-P24X","HPE Aruba Networking CX 6100 24G Class4 PoE 4SFP+ 370W Switch","keep_direct_candidate","P3：可进入人工审核","硬门槛完整；环境字段待复核","至少一方待复核","双方已核验","上行接口形态与 PoE 预算存在微小差异，但不妨碍一对一替代，可作为采购验证项管理。","1. 需核实 Aruba CX 6100 的上行模块兼容性与光/电配置是否满足现场网络拓扑要求；2. 需确认现场终端实际总功耗是否符合 Aruba CX 6100 的 370W PoE 预算（相比 ALE OS6360-P24X 的 380W 略有不同）。","基于受控硬门槛及证据状态，该关系在形态、下行介质、端口数、下行速率及 PoE 支持等核心硬门槛上均已通过验证且完全匹配，环境字段处于待复核状态。上行接口（1G/10G 与 1G/10G SFP）及 PoE 预算（380W 与 370W）的偏离属于可控范围，不构成一对一替代的实质性障碍。因此，建议维持直接候选关系，并通过采购验证对上行配置与功耗边界进行复核。"
"07","rel_cf0ca25f112497cf24729b40","OS6360-P24X","HPE Aruba Networking CX 6200F 24G Class-4 PoE 4SFP 370W Switch","downgrade_to_partial","P2：先验证偏离项","硬门槛基本完整；环境字段待复核","至少一方待复核","双方已核验","上行链路（1G/10G与100M/1G）与PoE预算（380W与Up to 370W）存在差异，妨碍无条件的一对一替代。","1. 核验两款设备的上行链路速率与端口形态（1G/10G与100M/1G）是否满足实际组网需求；2. 核验PoE供电预算（380W与Up to 370W）在满载工况下的供电裕度；3. 核验部署环境硬门槛的官方认证状态。","基于受控输入记录，该直接候选关系在下行介质、下行端口数、下行速率带及PoE支持等硬门槛上已验证通过，但环境硬门槛处于待复核状态。关键偏离表明上行链路与PoE预算存在实质性差异。鉴于上述上行、PoE差异及环境字段尚未完全核验，该型号组合不宜进行无条件的一对一替代，故审阅建议降级为部分替代，并在采购前完成相关验证。"
"08","rel_c3d1dcfe87ee4505d5609727","OS6360-P24X","HPE Aruba Networking CX 6200F 24G Class-4 PoE 4SFP+ 370W Switch","keep_direct_candidate","P3：可进入人工审核","硬门槛完整；环境字段待复核","至少一方待复核","双方已核验","上行接口均为 1G/10G 规格，PoE 供电预算分别为 380W 与 370W，差异较小，不妨碍一对一替代。","1. 核实部署环境是否完全符合园区网（campus）规范要求；2. 确认设备上行 1G/10G 模块配置及 PoE 370W 预算是否满足实际供电与带宽需求。","基于受控硬门槛核验结果，该组候选关系在形态、下行介质、下行端口数、下行速率及 PoE 支持等核心硬门槛上均已通过验证且完全适配，仅环境字段处于待复核状态。关键偏离方面，ALE OS6360-P24X 与 HPE Aruba Networking CX 6200F 24G Class-4 PoE 4SFP+ 370W Switch 在上行链路（1G/10G ↔ 1/10G）和 PoE 预算（380W ↔ 370W）上存在极小差异。鉴于核心硬门槛适配且差异可作为采购验证项进行管理，建议维持直接候选关系。"
"09","rel_4b68b7c120e93b245f7c034d","OS6360-P24X","HPE Aruba Networking CX 6200F 24G Class4 PoE 4SFP+ 370W Switch","keep_direct_candidate","P3：可进入人工审核","硬门槛完整；环境字段待复核","至少一方待复核","双方已核验","上行规格基本匹配（1G/10G ↔ 1/10G），PoE 预算差异极小（380W ↔ 370W），未妨碍一对一替代。","1. 核对两款设备在实际组网中的上行接口模块（1G/10G SFP+）兼容性；2. 确认现场实际 PoE 负载是否在双方标称预算（380W/370W）范围内。","本关系的核心硬门槛（形态、下行介质、端口数、速率、PoE支持）均已通过充分的证据核验，仅环境适用性字段尚待复核。针对上行（1G/10G ↔ 1/10G）与 PoE 预算（380W ↔ 370W）的关键偏离，由于两者规格高度吻合且差异极微，不会对实际一对一替代造成实质性功能阻碍。基于受控硬门槛和证据状态，建议保持直接候选关系，并通过采购环节对上行模块与 PoE 功率进行最终核验。"
"10","rel_5483a2c773f53b42a9a75d63","OS6360-P24X","HPE Aruba Networking CX 6200M 24G Class4 PoE 4SFP+ Switch","keep_direct_candidate","P3：可进入人工审核","硬门槛完整；环境字段待复核","至少一方待复核","双方已核验","上行均为1G/10G规格，PoE预算存在380W与740W的差异，属于可作为采购验证项管理的配置偏差，不阻碍一对一替代。","1. 核验HPE Aruba CX 6200M在740W PoE预算下的电源配置及现网供电需求是否匹配；2. 核验双方设备的上行接口模块（1G/10G SFP+）兼容性及现网光模块选型。","基于受控硬门槛和证据状态分析，该关系的形态、下行介质、端口数量、速率带宽以及PoE支持等核心硬门槛均已通过验证且适配（outcome为pass），仅环境字段处于待复核状态。关键偏离涉及上行（1G/10G ↔ 1/10G）与PoE预算（380W ↔ 740W）。由于HPE Aruba交换机提供的740W PoE预算能够满足或覆盖ALE设备的需求，且上行能力兼容，相关差异完全可以通过采购阶段的供电规划和接口配置核验进行管理，符合直接候选关系的保持条件。"
"11","rel_96eb7263606458c23026d501","OS6360-P48","HPE Aruba Networking CX 6100 48G Class4 PoE 4SFP+ 370W Switch","keep_direct_candidate","P3：可进入人工审核","硬门槛完整；环境字段待复核","至少一方待复核","双方已核验","上行端口表现为 1G/10G 与 1G/10G SFP 对比，PoE 预算分别为 350W 与 370W，端口与 PoE 差异在合理范围内且不影响替代。","1. 核验两款设备在实际园区网部署中的环境适用性；2. 确认上行 1G/10G SFP 接口的光模块兼容性；3. 核对 350W 与 370W PoE 供电预算在满载时的余量表现。","根据受控硬门槛及证据状态分析，该候选关系的形态、下行介质、下行端口数、下行速率及 PoE 支持等决定性硬门槛均已核验通过，环境字段目前标记为待复核。关键偏离主要在于上行接口及 PoE 预算的微小差异（350W 相对 370W），设备在核心规格上高度对等，相关差异可作为采购验证项进行管理，符合推荐 keep_direct_candidate 的审阅标准。"
"12","rel_aacaec597088e824866ba262","OS6360-P48","HPE Aruba Networking CX 6200F 48G Class-4 PoE 4SFP 370W Switch","keep_direct_candidate","P3：可进入人工审核","硬门槛完整；环境字段待复核","至少一方待复核","双方已核验","上行链路存在 1G/10G 与 100M/1G 的规格差异，PoE 供电预算存在 350W 与 370W 的细微差异，但端口数量与速率等核心硬门槛完全适配，不阻碍直接候选关系。","1. 核验 Aruba CX 6200F 48G 370W 交换机的上行 SFP 端口具体速率配置及光模块兼容性是否满足现网组网需求；2. 确认 370W PoE 预算是否完全覆盖现网设备（如 AP、IP 电话等）的供电需求；3. 最终确认部署环境（园区网环境）的官方规格与兼容性。","受控关系编号 rel_aacaec597088e824866ba262 对应的 ALE 型号 OS6360-P48 与 HPE Aruba 交换机型号在形态、下行介质、下行端口数、下行速率及 PoE 支持等决定性硬门槛上均已核验一致。尽管在上行链路和 PoE 预算方面存在轻微差异（上行 1G/10G 对比 100M/1G，PoE 预算 350W 对比 370W），且环境字段处于待复核状态，但这些差异完全可以通过售前及采购阶段的配置核验进行有效管理，不影响其作为直接候选关系的一对一替代可行性。因此，建议维持直接候选关系（keep_direct_candidate），并建议产品经理在采购前针对上行配置与 PoE 预算进行专项核验。"
"13","rel_6163123702f8ff94b7473420","OS6360-P48","HPE Aruba Networking CX 6200F 48G Class-4 PoE 4SFP 740W Switch","downgrade_to_partial","P2：先验证偏离项","硬门槛部分完整；环境字段待复核","至少一方待复核","双方已核验","上行带宽（1G/10G对100M/1G）与PoE预算（350W对740W）存在关键偏离，上行速率的不对称性限制了等效的一对一直接替代能力。","1. 核验Aruba CX 6200F 48G的4个SFP上行端口是否满足现场10G上联需求；2. 核验350W与740W的PoE预算差异是否适配实际终端供电负载；3. 确认部署环境是否满足相关标准。","基于受控硬门槛记录，该关系的表单因素、下行介质、下行端口数、下行速率及PoE支持均已通过证据核验，但环境字段仍处于待复核状态（needs_review）。同时，双方在上行带宽（1G/10G对100M/1G）和PoE预算（350W对740W）上存在明确的关键偏离。由于上行速率和PoE供电能力的差异使得该设备在无缝一对一替代时存在局限性，不宜作为直接候选关系完整保留，建议降级为部分替代（downgrade_to_partial），并由产品经理或售前在采购阶段进一步核验上行及供电需求。"
"14","rel_008a4f2e3c6833ae9d594884","OS6360-P48","HPE Aruba Networking CX 6200F 48G Class-4 PoE 4SFP+ 370W Switch","keep_direct_candidate","P3：可进入人工审核","硬门槛核心参数完整；环境字段待复核。","至少一方待复核","双方已核验","上行链路存在 1G/10G 与 1/10G (SFP+) 的表述差异，PoE 预算存在 350W 与 370W 的微小差异，下行端口均为 48 端口，这些关键偏离不妨碍一对一替代。","1. 确认部署环境的具体温湿度与防护要求是否满足设备规格；2. 验证实际业务负载下的 PoE 供电预算（350W 与 370W）是否满足供电设备需求；3. 确认上行 SFP+ 模块及光纤跳线的兼容性。","根据受控硬门槛与证据状态记录，该组关系的核心硬件指标（形态、下行介质、下行端口数、下行速率及 PoE 支持）均已核验通过。虽然环境字段处于待复核状态，且上行链路与 PoE 预算存在微小数值或表述偏离，但双方在核心网络交换能力上保持高度一致，相关差异可作为采购验证项进行管理，建议维持直接候选关系。"
"15","rel_ea3893bbc0ad2d296acd5e17","OS6360-P48","HPE Aruba Networking CX 6200F 48G Class-4 PoE 4SFP+ 740W Switch","keep_direct_candidate","P3：可进入人工审核","核心硬门槛已核验通过；环境字段待复核。","至少一方待复核","双方已核验","上行接口为1G/10G与1/10G (SFP+)适配，PoE预算为350W与740W差异，Aruba更高预算不阻碍一对一替代。","1. 现场部署环境是否符合园区网（campus）应用场景规范；2. 实际接入设备的PoE总功耗是否在设备预算范围内；3. 上行10G接口及光模块配置是否与现有网络环境兼容。","基于受控硬门槛和证据状态，该记录的形态、下行介质、端口数、速率及PoE支持等核心硬门槛均已核验通过。关键偏离涉及上行接口微调及PoE预算差异（350W与740W），由于Aruba具备更高PoE预算且核心参数适配，不影响总体替代性；环境字段虽处于待复核状态，但可通过采购验证环节进行确认。因此建议维持直接候选关系，并作为采购验证项进行管理。"
"16","rel_7baccab10f766c985f02bf98","OS6360-P48","HPE Aruba Networking CX 6200F 48G Class4 PoE 4SFP+ 370W Switch","keep_direct_candidate","P3：可进入人工审核","硬门槛完整；环境字段待复核","至少一方待复核","双方已核验","下联端口数量均为48口且速率适配，上行存在 1G/10G 与 1/10G 差异，PoE 预算存在 350W 与 370W 微小差异，上述偏差未妨碍基础的一对一替代能力。","1. 建议向官方资料核实两款交换机的上行端口（1G/10G 与 1/10G）在实际部署中的模块兼容性与配置要求；2. 建议核实 PoE 功率预算（350W 对 370W）在实际满载供电场景下的冗余表现；3. 建议核实园区部署环境（campus）的具体环境适应性参数与实际场景是否完全契合。","本记录涉及 ALE 型号 OS6360-P48 与 HPE Aruba Networking CX 6200F 48G Class4 PoE 4SFP+ 370W Switch 的直接候选关系（relationship_id: rel_7baccab10f766c985f02bf98）。根据受控记录，其决定性硬门槛中形态、下联介质、下联端口数（48口）、下联速率带及 PoE 支持均已核验通过，环境字段尚待复核。关键偏离体现为上行规格与 PoE 预算的微小差异，但由于端口与基础架构适配，差异可作为采购验证项管理，因此建议保持直接候选（keep_direct_candidate）。"
"17","rel_ce4cbc107f0c4ff69c0649b9","OS6360-P48","HPE Aruba Networking CX 6200F 48G Class4 PoE 4SFP+ 740W Switch","keep_direct_candidate","P3：可进入人工审核","硬门槛完整；环境字段待复核","至少一方待复核","双方已核验","上行端口均为 1G/10G 级 SFP+ 接口，满足对接要求；PoE 预算存在差异（ALE OS6360-P48 为 350W，HPE Aruba CX 6200F 48G 为 Up to 740W），由于 Aruba 供电预算更高，不影响基本功能替代。","1. 建议向官方配置资料核实 HPE Aruba Networking CX 6200F 48G 的实际功耗与电源冗余配置；2. 核对实际部署环境是否符合校园网（Campus）运行规范及温湿度要求；3. 确认上行 1G/10G 模块与现有网络架构的兼容性。","受控硬门槛中，形态、下行介质、下行端口数、下行速率及 PoE 支持均已完成证据核验且结果通过，仅环境字段处于待复核状态。关键偏离方面，上行端口同为 1G/10G 级，PoE 预算由 ALE 的 350W 变更为 HPE Aruba 的 Up to 740W。由于 Aruba 设备的 PoE 预算更高且端口规格适配，核心硬门槛满足一对一替代条件，相关功率与环境差异可作为采购验证项进行管理，建议维持直接候选关系。"
"18","rel_f9bcbd8395822a015f0b8208","OS6360-P48","HPE Aruba Networking CX 6200M 48G Class4 PoE 4SFP+ Switch","move_to_insufficient_evidence","P1：先补证","环境硬门槛待复核；其余硬门槛证据已核验。","至少一方待复核","双方已核验","上行维持 1G/10G 对齐，但 PoE 预算存在 350W 与 1440W 的显著差异，结合环境待复核状态，不宜直接作为一对一替代。","1. 建议向官方技术资料核验环境硬门槛（部署场景）的型号级证据；2. 建议核验 PoE 预算（350W 对比 1440W）差异对实际供电与设备选型的影响。","在受控对标关系 rel_f9bcbd8395822a015f0b8208 的审阅中，决定性硬门槛中的环境字段当前状态为待复核（needs_review），尚未具备可重放的官方型号级证据。此外，关键偏离显示 PoE 预算存在 350W 与 1440W 的较大差异。基于受控硬门槛和证据状态的中性审阅原则，由于决定性硬门槛尚缺完整核验证据，审阅建议为移至证据不足。"
"19","rel_8a7e5f58ceadf22adbf72ada","OS6360-PH24","HPE Aruba Networking CX 6100 24G Class4 PoE 4SFP+ 370W Switch","keep_direct_candidate","P3：可进入人工审核","硬门槛基本完整；环境字段待复核","至少一方待复核","双方已核验","上行接口存在 1G/10G 与 1G/10G SFP 的对应差异，PoE 预算存在 380W 与 370W 的微小差值，端口保持一致，这些关键偏离不影响整体一对一替代可行性。","1. 请核验 HPE Aruba 交换机 370W PoE 预算是否满足实际供电设备的功耗需求；2. 请确认上行 1G/10G SFP 接口及光模块在现场网络中的兼容性；3. 请复核园区网环境下的具体部署合规性。","基于受控硬门槛和证据状态分析，ALE OS6360-PH24 与 HPE Aruba Networking CX 6100 24G Class4 PoE 4SFP+ 370W Switch 的核心硬门槛（形态、下行介质、下行端口数、下行速率带及 PoE 支持）均已通过验证并适配。关键偏离表现为上行接口（1G/10G ↔ 1G/10G SFP）以及 PoE 预算（380W ↔ 370W），其中 10W 的功率差与上行规格差异均可通过采购配置与兼容性核验进行管理。环境硬门槛暂处于待复核状态。由于决定性硬门槛已核验且差异可控，建议保持直接候选关系（keep_direct_candidate）。"
"20","rel_d8fac34ddfd53e5eaa106600","OS6360-PH24","HPE Aruba Networking CX 6200F 24G Class-4 PoE 4SFP 370W Switch","downgrade_to_partial","P2：先验证偏离项","硬门槛完整；环境字段待复核","至少一方待复核","双方已核验","上行速率由1G/10G变更为100M/1G，且PoE总预算由380W变更为Up to 370W，存在明显的上行及PoE预算差异，妨碍无条件的一对一直接替代。","1. 核对两款设备在上行端口（1G/10G与100M/1G）上的实际组网带宽需求与光模块匹配情况；2. 验证Aruba设备的Up to 370W PoE预算是否满足Alcatel-Lucent Enterprise设备的380W供电负荷；3. 确认园区网部署环境的兼容性与落地规范。","基于受控硬门槛和证据状态审阅，该关系在形态、下行介质、端口数、下行速率及PoE支持等硬门槛上已核验通过，但环境字段仍处于待复核状态。由于关键偏离明确包含上行速率差异（1G/10G对100M/1G）以及PoE电源预算差异（380W对Up to 370W），这些上行与PoE差异使得该型号组合不宜进行无条件的一对一直接替代。为确保项目选型严谨性，建议将其降级为部分替代关系（downgrade_to_partial），并在后续采购与配置阶段重点验证上行带宽与PoE供电能力。"
"21","rel_c092a9a72cdead1baa6a2984","OS6360-PH24","HPE Aruba Networking CX 6200F 24G Class-4 PoE 4SFP+ 370W Switch","keep_direct_candidate","P3：可进入人工审核","硬门槛完整；环境字段待复核","至少一方待复核","双方已核验","上行链路均为1G/10G与1/10G适配，PoE电源预算为380W与370W微幅差异，端口规格高度一致，不影响核心替换。","1. 核实两款交换机在实际高负载运行下的PoE总功率输出及供电冗余要求；2. 确认上行链路模块（1G/10G）在现网部署中的光模块兼容性及速率配置。","受控硬门槛中设备形态、下行介质、下行端口数、下行速率及PoE支持均已核验通过并适配，环境字段待复核。上行链路规格为1G/10G与1/10G相对应，PoE电源预算为380W对370W，属微小规格差异。核心硬件形态与基础功能高度一致，差异完全可作为采购验证项管理，建议维持直接候选关系。"
"22","rel_516463b04b3b17f268215bf9","OS6360-PH24","HPE Aruba Networking CX 6200F 24G Class4 PoE 4SFP+ 370W Switch","keep_direct_candidate","P3：可进入人工审核","硬门槛完整；环境字段待复核","至少一方待复核","双方已核验","上联接口速率同级适配，PoE 预算（380W ↔ 370W）差异极小，不阻碍一对一替代，可作为采购验证项管理。","1. 确认上行链路接口与速率（1G/10G ↔ 1/10G）的模块兼容性；2. 核实 380W 与 370W PoE 预算差异在实际满载供电下的裕度；3. 落实环境字段的官方型号级复核。","受控硬门槛中决定性指标均已核验且通过，环境字段待复核。上行速率规格对等，PoE 预算极为接近（380W 对 370W），差异可作为采购验证项管理。综合评估建议保持直接候选关系。"
"23","rel_ed12758c047b7d02c7db6c1f","OS6360-PH24","HPE Aruba Networking CX 6200M 24G Class4 PoE 4SFP+ Switch","move_to_insufficient_evidence","P1：先补证","硬门槛完整；环境字段待复核","至少一方待复核","双方已核验","上行存在1G/10G与1/10G差异，PoE预算存在380W与740W差异，需在采购阶段进一步核实兼容性与供电裕度。","1. 核验两款交换机在实际组网中的上行链路接口速率与模块兼容性；2. 评估 PoE 供电预算从 380W 提升至 740W 对实际终端负载及功耗规划的影响；3. 确认设备运行环境是否符合官方规范及待复核的部署场景要求。","在对 OS6360-PH24 与 HPE Aruba Networking CX 6200M 24G Class4 PoE 4SFP+ Switch 的直接候选关系进行审阅时，形态、下行介质、端口数、速率带宽及 PoE 支持等核心硬门槛已通过核验，但决定性硬门槛中的环境字段仍处于待复核状态，尚未具备可重放的官方型号级证据支持。同时，双方在上行链路（1G/10G ↔ 1/10G）与 PoE 预算（380W ↔ 740W）上存在明确的关键偏离。根据审阅规则，在决定性硬门槛证据链不完整的情况下，不宜直接维持直接候选关系，建议将其调整为证据不足状态（move_to_insufficient_evidence），并由产品经理在采购验证阶段进一步核查。"
"24","rel_b047db0ebe0c48010188068a","OS6560-P24X4","HPE Aruba Networking CX 6100 24G Class4 PoE 4SFP+ 370W Switch","move_to_insufficient_evidence","P1：先补证","硬门槛存在待复核项；环境字段待复核且PoE预算未披露。","至少一方待复核","双方已核验","上行链路为1G/10G对1G/10G SFP，PoE预算为未披露对370W，关键偏离及环境待复核妨碍了一对一替代。","1. 请向官方技术文档核验OS6560-P24X4的具体PoE电源预算；2. 请核实该型号在对应部署环境下的官方运行资质与环境硬门槛状态。","经审阅记录核查，该直接候选关系的决定性硬门槛中环境字段处于待复核状态（needs_review），且PoE预算在ALE侧未披露，缺乏充分且可重放的官方型号级证据。基于审阅规则，决定性硬门槛尚缺可重放的官方型号级证据，不宜作为直接候选，因此审阅建议将其移至证据不足分类。"
"25","rel_707128ffdcb251c747512fa5","OS6560-P24X4","HPE Aruba Networking CX 6200F 24G Class-4 PoE 4SFP 370W Switch","downgrade_to_partial","P2：先验证偏离项","硬门槛核心项已核验；环境字段待复核","至少一方待复核","双方已核验","上行链路存在 1G/10G 与 100M/1G 差异，且 ALE 侧 PoE 预算未披露而对标机型为 Up to 370W，该关键偏离妨碍直接进行一对一替代。","1. 向官方文档核实 ALE OS6560-P24X4 的详细 PoE 预算与上行端口配置；2. 评估 HPE Aruba CX 6200F 的 100M/1G 上行及 370W PoE 供电是否满足目标场景的实际需求。","基于受控硬门槛和输入证据记录，受试型号 OS6560-P24X4 与对标型号在基础形态、下行端口及 PoE 支持等硬门槛上基本相符，但环境字段处于待复核状态。关键偏离表明上行链路存在 1G/10G 与 100M/1G 的规格差异，同时 ALE 侧 PoE 预算未披露，无法直接确认功率对等性。鉴于上述上行和 PoE 差异以及环境待复核状态，该关系不宜作为直接候选一对一替代，建议降级为部分替代并在采购阶段进行严格核验。"
"26","rel_74782e63b6a619075ad86b26","OS6560-P24X4","HPE Aruba Networking CX 6200F 24G Class-4 PoE 4SFP+ 370W Switch","move_to_insufficient_evidence","P1：先补证","环境硬门槛处于待复核状态，且 ALE 端 PoE 预算信息未披露，决定性证据尚不完整。","至少一方待复核","双方已核验","上行存在 1G/10G 与 1/10G 差异，PoE 预算存在 ALE 端未披露而 HPE Aruba 端为 370W 的差异。","1. 核实 ALE OS6560-P24X4 在实际部署环境中的官方技术规格与认证状态；2. 确认 ALE 端实际 PoE 预算是否满足项目供电需求；3. 评估上行 1G/10G 与 1/10G 接口在组网中的兼容性与配置要求。","基于受控记录，该关系中环境硬门槛处于待复核状态且未能完成核验，同时 ALE 端 PoE 预算处于未披露状态，无法满足决定性硬门槛的官方型号级证据要求。此外，上行带宽与 PoE 预算存在关键偏离。根据审阅规则，若决定性硬门槛尚缺可重放的官方型号级证据，则不宜直接保留或降级，应建议移入证据不足池。"
"27","rel_ce0a9f05b92fe3d680f24327","OS6560-P24X4","HPE Aruba Networking CX 6200F 24G Class4 PoE 4SFP+ 370W Switch","move_to_insufficient_evidence","P1：先补证","硬门槛完整度不足；环境字段处于待复核状态且 PoE 预算未披露。","至少一方待复核","双方已核验","上行速率存在 1G/10G 与 1/10G 的表述差异，且 PoE 预算在 ALE 侧未披露（对比 Aruba 侧 370W），因关键参数缺失和硬门槛未核验而无法直接支持一对一替代。","1. 向官方核实 ALE OS6560-P24X4 的具体 PoE 预算及供电能力；2. 确认两款交换机在园区（Campus）场景下的环境适用性与部署规范；3. 核对上行端口（1G/10G 与 1/10G）在实际网络部署中的兼容性。","根据受控输入记录，该直接候选关系（关系标识 rel_ce0a9f05b92fe3d680f24327，审阅编号 27）连接了 ALE OS6560-P24X4 与 HPE Aruba Networking CX 6200F 24G Class4 PoE 4SFP+ 370W Switch。在硬门槛方面，环境（environment）硬门槛处于待复核状态（needs_review，verified 为 false），且关键偏离显示上行存在 1G/10G 与 1/10G 差异、PoE 预算在 ALE 侧未披露而 Aruba 侧为 370W。由于决定性硬门槛尚缺可重放的官方型号级证据且关键参数未披露，符合“若决定性硬门槛尚缺可重放的官方型号级证据，则建议 move_to_insufficient_evidence”的判断规则，因此建议将该关系移至证据不足分类。"
"28","rel_6c74f097df09eba70f72c447","OS6560-P24X4","HPE Aruba Networking CX 6200M 24G Class4 PoE 4SFP+ Switch","downgrade_to_partial","P2：先验证偏离项","硬门槛基本完整；环境字段待复核","至少一方待复核","双方已核验","上行链路存在1G/10G与1/10G的差异，PoE预算存在未披露与740W的差异，不宜进行无条件的一对一替代。","1. 核实OS6560-P24X4的实际PoE功率预算与HPE Aruba CX 6200M的740W预算在目标业务场景下的匹配度；2. 确认上行链路规格（1G/10G与1/10G）在现网部署中的兼容性与速率需求。","在受控硬门槛中，除环境字段尚待复核外，表单形态、下行介质、下行端口数、下行速率及PoE支持状态均已通过证据核验。关键偏离表明，该候选关系在上行链路（1G/10G ↔ 1/10G）以及PoE电源预算（未披露 ↔ 740W）方面存在明确差异。鉴于上行与PoE供电规格存在差异与不确定性，不宜进行无条件的一对一直接替代，因此建议降级为部分替代，并在后续采购与配置阶段作为重点验证项进行管理。"
"29","rel_8fbd9d20273abf097dd84f34","OS6560-P48X4","HPE Aruba Networking CX 6100 48G Class4 PoE 4SFP+ 370W Switch","move_to_insufficient_evidence","P1：先补证","硬门槛部分未完备；环境字段待复核且PoE预算未披露。","至少一方待复核","双方已核验","上行链路存在1G/10G与1G/10G SFP差异，且ALE侧PoE预算未披露，不满足直接等效的一对一替代条件。","1. 核验OS6560-P48X4官方公布的PoE总功率预算及端口供电能力；2. 确认上行链路1G/10G与1G/10G SFP的实际组网适配性；3. 补全校园（campus）环境硬门槛的可重放官方证据。","根据受控硬门槛与证据状态，该关系中环境硬门槛状态为needs_review且verified为false，同时ALE侧PoE预算信息未披露，上行链路存在1G/10G与1G/10G SFP差异。由于决定性硬门槛及关键电源参数尚缺可重放的官方型号级证据，无法支撑无条件的一对一直接替代，因此形成移至证据不足分类的审阅建议。"
"30","rel_b5502519cc31fab83f577c69","OS6560-P48X4","HPE Aruba Networking CX 6200F 48G Class-4 PoE 4SFP 370W Switch","downgrade_to_partial","P2：先验证偏离项","硬门槛完整；环境字段待复核","至少一方待复核","双方已核验","上行存在 1G/10G 与 100M/1G 的速率差异，且 ALE 侧 PoE 预算未披露、Aruba 侧为 370W，这些上行与 PoE 差异妨碍了无条件的一对一替代。","1. 请核验 ALE OS6560-P48X4 的具体 PoE 功率预算及技术规格；2. 请核验两款设备在 10G/1G 上行接口及速率上的差异是否满足项目实际组网需求。","基于受控记录分析，该关系在核心形态、下行端口和介质上通过硬门槛，但环境字段处于待复核状态。由于存在上行链路（1G/10G 对比 100M/1G）以及 PoE 预算（未披露对比 370W）的关键偏离，设备在实际部署中无法完全无缝对等替换。因此，基于上行与 PoE 差异，建议将该关系降级为局部替代（downgrade_to_partial），并需由产品经理或售前进一步开展采购验证。"
"31","rel_7a2bfc54e562e259838424b9","OS6560-P48X4","HPE Aruba Networking CX 6200F 48G Class-4 PoE 4SFP 740W Switch","move_to_insufficient_evidence","P1：先补证","硬门槛证据不完整；环境字段待复核且PoE预算未披露。","至少一方待复核","双方已核验","上行链路存在 1G/10G 与 100M/1G 差异，PoE 预算表现为未披露与 740W 差异，端口数量虽匹配但上行与 PoE 差异影响一对一替代。","1. 官方技术白皮书或彩页是否已明确 OS6560-P48X4 的 PoE 预算？；2. 部署环境硬门槛是否已完成可重放的官方证据复核？；3. Aruba 交换机的 100M/1G 上行及 740W PoE 预算是否满足实际组网需求？","针对 ALE 型号 OS6560-P48X4 与 HPE Aruba 对应型号的直接候选关系 31 进行审阅。根据受控输入记录，环境硬门槛处于待复核状态且 PoE 预算在 ALE 侧未披露，同时上行链路存在 1G/10G 与 100M/1G 的技术差异。由于决定性硬门槛尚缺可重放的官方型号级证据，不宜作为自动批准的直接候选关系，建议将该关系移至证据不足分类，并由产品经理在采购前通过官方资料和实际配置进行核验。"
"32","rel_978873bf0b31e1eeb41fbcc3","OS6560-P48X4","HPE Aruba Networking CX 6200F 48G Class-4 PoE 4SFP+ 370W Switch","move_to_insufficient_evidence","P1：先补证","硬门槛部分未核验；环境字段待复核，PoE 预算字段未披露","至少一方待复核","双方已核验","上行方向存在 1G/10G 与 1/10G (SFP+) 差异，PoE 预算呈现未披露与 370W 差异，这些上行与 PoE 差异在证据状态不完整时影响直接替代评估。","1. 官方资料中 OS6560-P48X4 的具体 PoE 供电预算及电源功率配置为何；2. 部署环境字段的待复核状态如何通过官方型号级证据完成闭环；3. 上行 1G/10G 与 1/10G (SFP+) 端口在实际项目应用中的兼容性与收发器配置规范如何。","基于受控硬门槛和证据状态审阅，该关系（review_id: 32）连接了 ALE OS6560-P48X4 与 HPE Aruba Networking CX 6200F 48G Class-4 PoE 4SFP+ 370W Switch。输入记录显示其环境硬门槛处于待复核状态（verified 为 false，evidenceState 为 needs_review），且 PoE 预算呈现未披露状态。由于决定性硬门槛尚缺可重放的官方型号级证据，且严禁将未披露或待复核当作已核验，本审阅遵循中性原则与判定规则，不自动批准该直接候选关系，建议将其调整为证据不足处理。"
"33","rel_794bbc226275856f08a3b074","OS6560-P48X4","HPE Aruba Networking CX 6200F 48G Class-4 PoE 4SFP+ 740W Switch","move_to_insufficient_evidence","P1：先补证","硬门槛未完全闭环；环境硬门槛待复核且POE预算未披露","至少一方待复核","双方已核验","上行接口存在1G/10G与1/10G (SFP+)差异，POE预算存在未披露与740W差异，这些关键偏离需在采购前进一步核验。","1. 核实OS6560-P48X4与HPE Aruba Networking CX 6200F 48G Class-4 PoE 4SFP+ 740W Switch的上行端口规格及光模块兼容性；2. 确认OS6560-P48X4的实际POE总预算是否满足现场部署需求以对标740W；3. 补充环境硬门槛的可重放官方型号级证据以完成合规性复核。","在对OS6560-P48X4与HPE Aruba Networking CX 6200F 48G Class-4 PoE 4SFP+ 740W Switch的直接候选关系进行审阅时发现，环境硬门槛仍处于待复核状态且未完成验证，同时商用POE预算存在未披露项。由于决定性硬门槛尚缺可重放的官方型号级证据，且上行与POE配置存在待核实偏离，依据审阅规则，建议将该关系移入证据不足池进行后续补充核验。"
"34","rel_09dea82a341655b74ebb1e98","OS6560-P48X4","HPE Aruba Networking CX 6200F 48G Class4 PoE 4SFP+ 370W Switch","move_to_insufficient_evidence","P1：先补证","硬门槛存在待复核项；环境字段待复核且PoE预算未披露","至少一方待复核","双方已核验","上行存在 1G/10G ↔ 1/10G 差异，且 ALE 侧 PoE 预算未披露（对比 HPE Aruba 侧 370W），暂无法充分验证等效替代性。","1. 建议核验官方技术文档中 ALE OS6560-P48X4 与 HPE Aruba CX 6200F 48G 的上行端口及速率配置；2. 建议核验 ALE OS6560-P48X4 的具体 PoE 供电预算，以确保与 HPE Aruba 370W 规格匹配。","在针对 ALE OS6560-P48X4 与 HPE Aruba Networking CX 6200F 48G Class4 PoE 4SFP+ 370W Switch 的直接候选关系审阅中，环境硬门槛仍处于待复核状态（needs_review，未完成验证），且 ALE 侧的 PoE 预算数据处于未披露状态。由于决定性硬门槛尚缺可重放的官方型号级证据，且关键的 PoE 预算与上行差异无法在当前证据链下充分闭环，不宜直接作为无条件直接候选。因此，建议将其移入证据不足池（move_to_insufficient_evidence），待官方型号级证据补充完整后再行评估。"
"35","rel_3a59f83dec31ebc590702d37","OS6560-P48X4","HPE Aruba Networking CX 6200F 48G Class4 PoE 4SFP+ 740W Switch","move_to_insufficient_evidence","P1：先补证","硬门槛不完整；环境字段待复核","至少一方待复核","双方已核验","上行存在1G/10G与1/10G差异，PoE预算存在未披露与Up to 740W差异，阻碍了一对一替代。","1. 核实OS6560-P48X4与Aruba CX 6200F在园区网部署环境中的环境硬门槛适配性；2. 确认OS6560-P48X4的PoE预算详细参数及实际供电能力；3. 核对双方上行接口速率（1G/10G与1/10G）在实际组网中的兼容性。","基于受控硬门槛审阅结果，该候选关系的决定性硬门槛中环境字段处于待复核状态且未完成完整验证，同时伴随上行速率与PoE预算的明显偏离（PoE预算未披露）。由于缺乏可重放的官方型号级证据支撑且关键差异未得到闭环验证，不宜直接维持直接候选关系，应建议将其移至证据不足列表进行后续核验。"
"36","rel_454e53ea52ef20810670b74a","OS6560-P48X4","HPE Aruba Networking CX 6200M 48G Class4 PoE 4SFP+ Switch","downgrade_to_partial","P2：先验证偏离项","核心硬门槛中形态、下行介质、端口数、速率及PoE支持已核验，但环境字段尚待复核。","至少一方待复核","双方已核验","上行存在 1G/10G ↔ 1/10G 差异，且 PoE 预算为未披露 ↔ 1440W 差异，由于上行与 PoE 预算存在不确定性及差异，不宜直接进行一对一替代。","1. 请核验 ALE OS6560-P48X4 的精确 PoE 预算功率是否能够对标 HPE Aruba CX 6200M 的 1440W PoE 供电能力；2. 请确认双方设备在上行链路（1G/10G ↔ 1/10G）的模块配置与端口兼容性；3. 请核验实际部署环境是否完全满足双方设备的运行规范要求。","基于受控硬门槛和现有证据链，该关系在基本形态、下行端口、速率及PoE支持方面通过核验，但环境硬门槛仍处于待复核状态，且关键偏离显示上行链路及PoE预算存在明显差异（未披露 ↔ 1440W）。由于上述上行与PoE差异可能影响实际业务部署和供电保障，不满足直接候选的一对一无缝替代条件。因此，为确保采购与部署安全，不予自动批准为直接候选，建议降级为部分替代并纳入采购验证管理。"
